"fg","ff","S","ks","ll","chi2.cdf","chi2.rad","mse.cdf","mse.rad","lr","z_ks","z_ll","z_chi2.cdf","z_chi2.rad","z_mse.cdf","z_mse.rad","z_lr"
"2,0.01","2,0.01",10,0.148468382450687,-42.0159355487283,0.107802649549051,28.177730374201,0.0257642581475968,0.519464328713936,1.96218315125029,0.228364499849755,7.34632380766364,0.464175031606323,114.60455177854,50.5043666316337,0.532562121650887,0.116654939557256
"2,0.01","2,0.01",10,0.160389608327733,-39.5016538219557,0.0652182847234964,89.1967381915326,0.0116141363611365,0.0734040587512476,1.7651498933056,0.128781453588158,15.7360450784646,1.03385787895421,55.1692878900057,107.327119770747,0.687705414587694,0.146338874531184
"2,0.01","2,0.01",10,0.260389608327733,-35.8141131094632,0.312566896813194,786.677990310343,0.0639982586866974,0.228195543869136,-2.39991003975143,0.408925330580079,33.7518878200179,0.868345046378008,902.334767361973,2.83481770933887,0.631623825547067,1.56031573189883
"2,0.01","2,0.01",15,0.107924900710829,-60.80062975895,0.103272370294994,45.8026783020901,0.0203425202485088,0.332776521882381,4.02004180419447,0.699610795309602,24.739079306402,0.435589313069892,29.7790865938682,67.2167209829767,0.58381990272426,0.0194523203808914
"2,0.01","2,0.01",15,0.0669567366751866,-60.7533075478135,0.0383846735468369,53.0401718803575,0.00776695911546558,0.0468843583395602,5.21387050215437,2.22140598624062,24.9896879940004,1.40077036298224,28.0287070894037,204.082903306633,0.837809327800215,0.00190986562131333
"2,0.01","2,0.01",15,0.157146335599736,-61.5061012943306,0.113290142335036,133.473508200594,0.0220556147421512,0.43179882554737,2.42201083450471,0.00256667898596847,21.1528027857959,0.335429805486638,12.144306055672,54.3074673492549,0.506513852292929,0.147965947353463
"2,0.01","2,0.01",20,0.135693487756241,-85.8819935254794,0.219452705441931,86.8571472213396,0.0407232600132802,0.586968205635101,1.22006000313218,0.243769109963524,119.750475984013,0.225397498164488,7.21733172365462,0.00507896431486003,1.06164690204635,0.0973674455601032
"2,0.01","2,0.01",20,0.175506949542281,-73.3893562852218,0.367630613806712,143.974685340897,0.111374165765284,0.141102183743375,11.0267920906818,0.00644642980519445,496.609860044393,0.0139096436647116,5.61638348805667,7.45663595483376,1.58482867859976,0.420785563532461
"2,0.01","2,0.01",20,0.166908370132344,-76.0595020151198,0.152727736225764,293.905268676883,0.0178630709287611,0.0763527550799635,5.85034367651318,0.0287577201056082,394.443438365278,0.550052034478563,2.36785830598505,0.956251781187126,1.669492342156,0.020041670076173
"2,0.01","2,0.01",25,0.181517695783242,-118.639064837587,0.526479598295022,109.528473251462,0.0667174465825516,1.35516793355923,3.088368756021,0.00234608245547129,2.68791688171556,0.969667905036396,323.706036565817,1.82988493712618,0.0271584967347539,0.115420398223617
"2,0.01","2,0.01",25,0.205506949542281,-89.2672544650423,0.440379799925807,284.295234281596,0.10641579243775,0.172766136384423,13.6129826308302,0.0123634210934107,260.885811983802,0.458572156630447,115.498546478157,7.2175075226245,0.792553242673904,0.13680697219572
"2,0.01","2,0.01",25,0.0879708878191512,-102.358766663024,0.0377796337420711,105.957833956607,0.00407701025738518,0.087711695467884,6.874066185529,0.450117228436867,67.6014737879071,0.578903993137868,329.054169349867,0.565353084779461,0.888191810778469,0.00713846911549515
"2,0.01","2,0.01",40,0.124493050457719,-187.798983764613,0.276616210187527,646.326031475476,0.0323235826746059,0.475736946126274,21.2155729798497,0.14500839230124,0.00588373562186576,0.167558011398915,6.07370889420347,0.0157119660609975,0.334028716900235,0.232909457001666
"2,0.01","2,0.01",40,0.150575839109403,-147.203144899553,0.44472657562049,210.008722582129,0.0617869286698671,0.15038740376339,28.776169887373,0.0416492059919043,5.30906694323127,0.0377632946505772,3.96598770016942,0.226980521707417,0.496233997696007,0.839431259457046
"2,0.01","2,0.01",40,0.0744930504577187,-167.039792496476,0.0424724608479536,87.2359468361273,0.00537063666569542,0.0615277226596188,12.9702198446894,0.517772178506056,1.478006030023,0.502404444465446,10.5320866256201,0.456767812057255,0.546098663751046,9.48385317800656e-05
"2,0.01","2,0.01",55,0.0961609913337793,-251.210381662559,0.144068568401986,597.580383123908,0.00969441453666485,0.243366565587034,30.6441424256564,0.310392380973534,0.0802823571578636,0.368118039406747,1.881297089362e-10,0.300657736422286,0.373129311991597,0.365629008614796
"2,0.01","2,0.01",55,0.161939475473039,-204.929855316456,0.340797573497349,282.739663659668,0.0343366654859492,0.121287234327583,34.5920643051791,2.29152180673635e-05,3.68699492241633,0.157151738568552,0.482231778247769,0.000719559621685378,0.474425007922791,0.724398583127076
"2,0.01","2,0.01",55,0.0473188401047686,-224.757129007337,0.0257944024273518,166.931829182323,0.00180975890082125,0.022504711651991,19.9898762730071,0.949387115460786,1.48576448483517,0.53752739607558,0.902226142619705,0.53633593809444,0.565283350398747,0.00364874441018374
"2,0.01","2,0.01",75,0.088888264061052,-341.965839806984,0.155665351121881,837.792397247363,0.00692233571656338,0.249850700346529,44.2983582217267,0.187009312349554,0.000148242022178146,0.275922647622556,0.998124338198451,0.237954122262717,0.106958033776427,1.56230926885732
"2,0.01","2,0.01",75,0.125575839109403,-292.997101980279,0.22612248182828,248.463445056991,0.0165667614819508,0.0767557839836236,55.2526790357344,0.0200240167295476,6.70364126723813,0.10701168410857,0.529190336757637,0.0224950442632746,0.55670509167316,6.26094500745914
"2,0.01","2,0.01",75,0.0734963766494261,-300.256461780459,0.0577319768816929,291.421860913474,0.00300263017072795,0.0335437356323293,31.7226255895403,0.453253803104749,4.87136849554757,0.641145933770876,0.361925431205696,0.558034052946109,0.723772115323155,0.0352295845074806
"2,0.01","2,0.01",105,0.0785506306133837,-471.774606783801,0.17101625043928,601.957529676834,0.00745649128174037,0.186427179446573,52.8880980957573,0.00950987692472397,0.0339281594822444,0.105969920133785,0.677727645669628,0.0294909390158619,0.00614112712920274,1.34895615233285
"2,0.01","2,0.01",105,0.144623458157022,-392.839269885069,0.442620420668509,403.900771167649,0.0314358001787476,0.129745806159513,83.2013891516895,1.64286655950318,14.3064391033255,0.495267367008585,0.0165897421110984,6.00917907201812,0.130413245795623,34.775010925532
"2,0.01","2,0.01",105,0.0610447675105058,-416.846684163765,0.0595020691622113,515.18847155128,0.00246073919086831,0.0308289015357081,43.7124782830905,0.214323943304654,6.63571555878585,0.559697053051548,0.269367420502736,0.515830796521957,0.73031992670969,0.0739750485673058
"2,0.01","2,0.01",145,0.0667279705148616,-634.761752088785,0.102023098218993,422.930012121381,0.00350188617113335,0.10081911180623,71.7367538384722,1.19552267325559,0.187048500594011,0.985906269002106,0.00717814831503817,0.793228767544091,0.329028843601544,13.1355311282139
"2,0.01","2,0.01",145,0.111782735661127,-558.87466414913,0.269966234383786,384.256669141686,0.0127881877386784,0.0861532679863728,106.575730585616,0.597054082324449,14.2733826476545,0.00038605524243551,0.0319833775386236,1.35324204126511,0.469097506362428,199.443108404198
"2,0.01","2,0.01",145,0.0573501880671511,-578.769835458932,0.0465212609916323,772.594745365912,0.00166210833518214,0.0277691977739392,58.9797661309671,2.19576537613479,8.41536010641436,1.76242702492941,0.587087345396969,1.68364073845939,1.27232451021102,0.0483141573086459
"2,0.01","2,0.01",200,0.0356934877562409,-844.550067653762,0.0280577717575709,258.617283740713,0.000860808760333754,0.0490951802938077,104.568115927322,1.47657194377439,2.2332960365366,0.799506727862385,1.75249773008254,0.841231920953379,0.478550892121629,0.660613110807192
"2,0.01","2,0.01",200,0.0655758391094029,-804.173256263568,0.112401350571633,216.721753756693,0.00431104333954844,0.0459433923594127,138.90173702193,0.0251673167957183,12.6081240805543,0.183577801975658,2.70437842835219,0.0135286000380616,0.54326089056604,14.8617321939241
"2,0.01","2,0.01",200,0.0449415433718291,-799.87483663889,0.0453292491399495,653.086318469431,0.00134144809323429,0.0221556683962908,83.300527484546,0.788854164315112,14.2107010688048,0.638064326122089,2.87491239980087,0.597859885912628,1.16396573015536,1.14863768111182
"2,0.01","6,1",10,0.303430543396034,-64.7794013597671,0.460571625205148,192.886813186813,0.097943652963958,8.26817780476205,-20.8012826597885,0.920667884697919,68.2603878116343,1.74126199372493,3471.37598922291,0.285824851100383,532.43353230253,1257.82454454172
"2,0.01","6,1",10,0.286649734880083,-53.8347030920317,0.290340000560239,126.196308680041,0.0551247191003476,4.09819674556213,-12.5678993767704,0.691913650767126,31.5803324099723,0.247384290133651,1380.50964636964,0.0132877594897761,116.419599470733,445.40946400682
"2,0.01","6,1",10,0.150265298465141,-34.7200187934517,0.109657470371143,18.9692513368984,0.0369266520854258,0.392764172335601,-1.3058157237399,0.042462278022654,1.00969529085873,0.140842764614782,4.68162184485824,0.153256346069376,0.015972504684188,2.1339746863123
"2,0.01","6,1",15,0.193904675324177,-92.0821296053511,0.281342365987152,256.834293255764,0.0377041804639472,6.2682533033062,-27.2614580422066,1.46079947024802,101.855371900826,1.74986133242027,6691.42496108304,1.04216850015365,1331.73962744071,54892.1600721871
"2,0.01","6,1",15,0.319983068213416,-97.1691020396506,0.442750664471583,289.923321824195,0.0588547722786574,7.75818206959322,-31.2019239896828,15.078946904038,124.389462809917,11.4974601920115,8637.45875551394,4.01105896726584e-05,2077.62895056395,72161.4040312491
"2,0.01","6,1",15,0.248495472475668,-88.3825132894969,0.37736213560707,231.777164963553,0.0470558172255242,5.49644135171397,-24.4544011606616,5.60117924407996,86.8801652892562,6.51796723760944,5382.80974866074,0.32114307237667,1010.30174610385,44028.4271167234
"2,0.01","6,1",20,0.350962845117167,-125.705035723853,0.980576081324588,348.774995544502,0.0968614211982852,6.31500877608669,-38.6029821952411,9529.42849620606,339.531141868512,3614747.58491631,14283.5620877517,27.943575811665,26100.7257343521,3176866.16787797
"2,0.01","6,1",20,0.286649734880083,-114.60618677629,0.709791634454454,318.314968682796,0.222031077085097,5.12397082484955,-30.1900384003866,5346.32674199882,238.13321799308,1759769.03962701,11847.9546033266,228.03285264788,17045.2509191187,1938165.5048079
"2,0.01","6,1",20,0.231828805809001,-105.511296666482,0.265279483771526,242.236895543052,0.0322222422017622,3.76204143596436,-23.6014509748488,2728.43612096777,168.415224913495,146822.551794111,6758.42664953108,0.0474333233768714,9045.88524586036,1180695.7310387
"2,0.01","6,1",25,0.425199428076144,-231.316309321684,2.06737141819454,901.58120348773,0.145790583333099,21.704025614262,-109.588875728076,397168.109590902,4486.62809917352,2641.57422744946,415508.949453901,194.885972684661,1206021.56917983,944949.143522108
"2,0.01","6,1",25,0.266649734880083,-133.584778311202,0.645739895569006,340.396508584092,0.175250531575867,3.93126729436856,-30.7045412153297,107669.035456373,687.867768595037,206.733035636783,57129.068372625,303.283514723483,37671.0972707072,73875.9206366279
"2,0.01","6,1",25,0.301828805809001,-158.711339123045,0.693258849031094,454.91751613911,0.0468512724092453,6.65022501743616,-49.4785062744924,156148.212420099,1347.27685950412,243.845890183726,103545.088696019,5.55623400744845,110492.24365059,192250.920041011
"2,0.01","6,1",40,0.350962845117167,-496.509652373046,1.84542179364582,2264.42582315451,0.0954430991192952,52.1731866888772,-287.495095628584,56.4843043049793,63113.9693877548,1119.40860964064,873399.077479827,17.276805217579,1613506.67078189,17803174.5090936
"2,0.01","6,1",40,0.286649734880083,-259.425906798723,0.747056224017484,823.460478292019,0.096398527824261,8.28856223075074,-83.4465920117971,32.0072618931877,9189.80612244894,158.947771320387,113836.320697738,17.7291348475529,39941.3806555655,1498518.80339465
"2,0.01","6,1",40,0.306828805809001,-279.003043136785,1.07625657815676,878.314134948638,0.0532225219760355,8.81053709406791,-98.9930307956194,38.9438591188238,11814.0408163265,355.571812603025,129692.696878711,3.12442342087153,45192.3115979117,2109312.32240185
"2,0.01","6,1",55,0.360618455262017,-627.129451935212,1.9600815277185,2757.95407388766,0.0684579475498417,39.1850443058915,-345.274927846996,573.979518145642,7848.25510204079,3536.52995529453,103496.076520379,159.132201145593,52643390.3813709,666216.356213573
"2,0.01","6,1",55,0.277558825789174,-345.650310570638,0.609270978547271,1041.03954926463,0.05111977764933,6.94430570717295,-106.128390949003,285.792331144013,1288.04019158683,282.457832273651,14525.8614792366,68.8144327476621,1617988.36207229,62697.449028524
"2,0.01","6,1",55,0.29091971489991,-369.851967303518,1.05451809287456,1130.02238385334,0.04474320080756,7.7972240323154,-125.104962023173,325.436109339882,1633.81945022907,952.869814398539,17147.934253987,44.9825439173965,2045744.51026396,87198.3036795285
"2,0.01","6,1",75,0.352133606777168,-873.688620643635,2.32229177161472,3884.07099482095,0.0627382961051271,39.8388728470934,-487.424422614924,21.3176775259222,3882.78300708037,922.643842937586,25332.2263306057,58.3681436331603,32217778.1238374,165857.382011642
"2,0.01","6,1",75,0.279983068213416,-582.035534410462,0.798964730305008,2099.42342948024,0.0393767505119185,14.2585433919873,-233.785753394449,11.2068765814287,1225.63015410245,95.2076867036608,7328.65486450053,17.2400494880846,4102425.20227476,38011.7070631197
"2,0.01","6,1",75,0.258800273443835,-495.865304387025,1.13326840877448,1502.44352304608,0.0402295941975312,7.6893830708679,-163.886217017025,8.8504491720579,725.882757184504,203.978568956093,3721.40328801941,18.3136085122555,1183623.96711673,18621.7500776647
"2,0.01","6,1",105,0.332075700255743,-1077.12171483274,2.97494199169565,4486.87406842982,0.0646328200383308,27.6820051315592,-552.459009953186,485.6436662129,25152.7528395062,237235.218541577,12808599.6679253,1399.33697694786,3286614.1047257,25764184.9154972
"2,0.01","6,1",105,0.25331640154675,-750.630574958611,0.856109444333315,2583.28818312057,0.0501592287428517,10.985841057264,-274.589915921853,247.745427354815,8470.23432098765,18654.0301194324,4231349.56893563,798.658074085375,515104.030981331,6362847.88439404
"2,0.01","6,1",105,0.27403836868193,-674.634289803773,1.41454286393316,1978.12020583047,0.0404536931800892,6.7059729885653,-214.075127356918,302.648887633954,5858.4298765432,52419.6716793605,2474966.07298201,489.592266114627,190940.19041964,3866691.49383339
"2,0.01","6,1",145,0.323627859650732,-1345.18005970179,3.04297746915328,5294.9510563057,0.0551604896305437,20.7217784966635,-638.681553774536,1056.26334974349,11619.4399134754,364594.347233889,2910259370.48586,4142.85312521039,890475.735729745,313656050.033654
"2,0.01","6,1",145,0.260286759658947,-1080.34919175856,1.27708504697185,3780.09323984972,0.0367203021575213,12.1211220771772,-414.898797023818,629.990790213964,5934.9822945041,62898.1857423004,1479829838.63306,1720.01025429314,303976.309307643,132335049.477988
"2,0.01","6,1",145,0.275351997581766,-939.609621076277,1.89964636743999,2774.6272080874,0.0417573123843124,6.87198782749722,-301.860019486378,721.448612919957,3683.86164076271,140814.051155524,794962094.876966,2277.77535587278,97285.8616082191,70032694.0204839
"2,0.01","6,1",200,0.293800273443835,-1678.96076792573,2.75737126319106,6220.22753807231,0.0413707410077143,15.6502573130261,-729.842584344649,185.554598859164,27643.32827197,43159.6953491379,2470711.67027134,417.896975316406,825112.839483334,892111753.303636
"2,0.01","6,1",200,0.29442469069343,-1640.11479660926,2.31682409834531,6091.42204210489,0.0404360610255609,15.0015211961607,-697.039803323765,186.496706405418,25734.7381080356,30395.8064821952,2369201.44217884,398.251039328231,758005.260768395,813715946.526178
"2,0.01","6,1",200,0.278800273443835,-1312.39045129651,2.23472013106319,3929.71411435098,0.0408201141037042,6.96584726298136,-429.215087173077,163.639907666613,12350.2511421661,28263.752223226,983314.585775565,406.266164538441,162717.315904565,308505787.635563
"2,0.01","10,3",10,0.176770977663763,-77.6475613189029,1.10509337666103,170.261318681319,4.46082315300069,4.87780005299365,-33.6694426189243,0.000822237693015689,153.392505298732,68.7793814844437,965.085463076863,25.3731057357387,435231.648015885,553.069018560125
"2,0.01","10,3",10,0.28449825051142,-62.4620329082098,2.03310930083779,115.69515219294,5.10601349076662,2.14130941168669,-21.1952291929485,2.64015309679474,70.2451999360977,353.123480672256,423.915519542222,34.6183047670353,80294.4950912413,227.431177606901
"2,0.01","10,3",10,0.171286777738391,-36.0444264081335,1.35279319152672,19.2853192559075,4.69896213109928,0.159482660249689,-2.63022333842173,0.00276507123120823,2.00441608747651,123.109131014744,4.3208961776591,28.6186118217591,116.554633116706,6.3750205621642
"2,0.01","10,3",15,0.176770977663763,-111.820141604662,0.86297894267671,235.674041154924,1.29093750350462,4.11576021599985,-46.9994700415174,0.205437104072449,4850.97134308694,31.2410882827539,1603.62597394941,143.498318754826,203407.863813167,23377.079610171
"2,0.01","10,3",15,0.317831583844753,-119.422938309046,2.36709497104541,279.505858522154,4.09360774981269,4.47348030868167,-53.4557602590777,4.42845729203509,6054.94637708539,355.218803737781,2275.77164113363,1746.94142886394,240670.217633257,30070.020766091
"2,0.01","10,3",15,0.243437644330429,-104.349192148993,0.665553327231038,202.892687702195,1.32401925059317,3.70518624167983,-40.4210800201577,1.52175991391065,3797.74959982789,14.8162248846803,1177.63269699603,152.054350932307,164500.477044594,17423.0221099825
"2,0.01","10,3",20,0.276770977663763,-146.419672269421,0.596838608712415,296.58717722291,0.434925978748968,3.49443072207199,-59.3176187408098,532.185131247897,4581.32331255784,103.723575292074,3519.24239380046,87.4744596107463,10799.5268538577,5040.09632237291
"2,0.01","10,3",20,0.377112589643607,-144.163363151162,6.20368607503496,384.093146555615,11.8158555345125,3.28875635299955,-59.7472147752588,1615.180683228,4335.18484818088,15544.400497124,5965.25801847423,80614.9291088755,9542.94035553558,5110.36741294672
"2,0.01","10,3",20,0.226770977663763,-126.505050003115,2.25331562532954,239.215983269677,3.27623944149194,2.73241804449769,-44.5952043114822,211.359100743844,2643.57253889052,1936.87998032559,2263.82856674261,6068.7148768092,6533.26035196445,2925.89650138018
"2,0.01","10,3",25,0.371643914472508,-293.141489712621,1.10808779802437,806.648518565838,0.210474824183855,12.59147604392,-171.414056119013,51679.1353566195,11086.5461047099,828.839241149574,27540.1094612458,445.089811728711,81894.416762032,23660.6469709779
"2,0.01","10,3",25,0.407112589643607,-167.796394811493,6.02556903365661,435.458088373209,9.72723527100923,2.589355225648,-64.9161577156206,65865.200184537,1862.47757887775,27721.881790249,7918.61047522456,1259814.93508087,3348.31602387667,3574.04135745512
"2,0.01","10,3",25,0.296770977663763,-192.633158161009,1.82627290772063,421.076823346001,1.64190653369576,4.18332547378044,-83.4003253124558,27375.2320206107,3076.75947137716,2391.3714298992,7396.79975653435,34874.8756516801,8882.76741670111,5791.92168048457
"2,0.01","10,3",40,0.321643914472508,-693.739696780635,1.24432716237941,2150.22391760081,0.202703327090779,41.8256765526459,-484.725140036172,74672.0249376908,30846.7033369985,1422243.71500938,1382104.44105441,5834.95929732154,7192384.53271967,55633.5517330407
"2,0.01","10,3",40,0.352112589643607,-341.643373167653,6.61377130356777,948.694253191981,5.65201453464113,6.57800123378411,-165.664058380727,96087.651917048,4414.60439437837,47522962.0291966,266948.072963738,7629861.47957177,176187.724801033,6703.81099833327
"2,0.01","10,3",40,0.301770977663763,-346.619084470387,1.89300784532077,818.821857875948,1.03542518272682,5.75187089746967,-166.609072129222,62156.7975292399,4622.03152588598,3539394.63128431,198420.17609319,236989.170537722,134489.474383668,6778.70689851694
"2,0.01","10,3",55,0.353462096290689,-865.629177153807,2.27400704300279,2634.2665000825,0.565712121070672,31.4199624467484,-583.774653065592,231.415512567962,42043.5977575829,3774.10921749816,60685736.0253737,2420.1683411356,4915189.19880377,54590.5514806202
"2,0.01","10,3",55,0.306842651526751,-448.146145734394,5.0367871751769,1151.06392084772,3.50971252278114,5.53485724896508,-208.624226112759,160.938436662207,6561.77035850166,19455.8273686349,11510282.740952,100509.607874857,150582.61536525,7265.94969843097
"2,0.01","10,3",55,0.285861886754672,-459.758532882214,2.43958205120279,1075.93914741651,1.34984515296561,5.08552683078725,-215.01152760187,133.3852680893,7132.64249221658,4370.71492910652,10048580.1720765,14528.3333431371,126950.590708024,7703.09742806654
"2,0.01","10,3",75,0.344977247805841,-1213.14839483504,2.66857888134734,3728.60711409811,0.510472521879955,30.0720735898181,-826.884196806331,22743.9370461545,61335.2909398944,81343.7072726223,8487457.96943751,1436.57360423005,12839574476.2491,111350.788622594
"2,0.01","10,3",75,0.277831583844753,-782.495192205365,4.37263330262784,2177.9373806921,2.26912688809594,11.7727945124013,-434.245411189351,12976.9072171268,19082.285012658,224193.644375971,2887109.04546876,31651.0931256456,1962942622.88142,31209.9748150117
"2,0.01","10,3",75,0.251643914472508,-622.537755001428,2.77616578103451,1458.45772808206,1.26810093766148,5.14677836044963,-290.558667631429,9905.58833434396,9498.31247827405,88265.7776152181,1290034.36394222,9646.47817871715,373198444.512989,14208.2540584662
"2,0.01","10,3",105,0.32402486685346,-1456.66546086637,2.83344027424732,4259.83528585019,0.337894993632243,21.5982886838899,-932.002755986816,43.9347405929796,2143731.1268317,3428.32615036935,713850.870346508,2115.26208760872,54559280.2013163,3231417.57625991
"2,0.01","10,3",105,0.308574253258353,-1009.62148429878,5.93797110586218,2863.53995088947,2.85244109640192,9.35406908556459,-533.580825262018,39.0214641065041,778500.829692943,15416.7208194125,321951.570727789,174211.96719929,10200191.8970237,1081651.0914423
"2,0.01","10,3",105,0.266882009710603,-842.229129161302,3.3371057053525,1956.5493354665,1.19033037429922,4.72110537850944,-381.669966714447,27.2167324293492,441517.809022304,4788.16131370865,149892.320448969,29548.0776762473,2583605.74487219,564255.871773814
"2,0.01","10,3",145,0.316471500679404,-1789.46359545679,3.28051096692378,5031.46017511971,0.40450105803871,15.7681364230897,-1082.96508952953,799.488809299703,247818.901927686,13563.2200135748,2092758.29353569,299.792144554198,13378838.1359702,74630106.3245606
"2,0.01","10,3",145,0.285733279298779,-1446.26175272182,5.105861049682,3998.90394702555,1.58707707780203,10.0977765797295,-780.811357987074,627.143618174233,136137.545995177,33173.3899587131,1320329.94797992,4966.513150402,5481126.42372529,39233439.4927758
"2,0.01","10,3",145,0.268195638610439,-1171.19494007363,3.6644547969579,2730.50359843384,0.96701760320498,4.64056382302198,-533.445338483729,538.17488897021,70597.4347302418,16971.6225446341,613880.864161037,1814.81699426964,1153775.94113739,18654896.2290304
"2,0.01","10,3",200,0.286643914472508,-2211.28783163821,3.5551703904663,5978.54475516609,0.416250356893184,11.9980941677345,-1262.16964805713,717.192343303932,40379.5284062954,19962.028363348,54490939.1601582,1700.69716095139,4773766.07118697,47186.1056209218
"2,0.01","10,3",200,0.291007012779045,-2200.15745655271,5.34968104800322,6213.16760231798,1.0442791977471,11.6200187681968,-1257.08246326722,743.198142200794,39810.5923922722,45442.152310366,58863211.2863477,11001.0159768231,4477377.14862405,46813.1196714337
"2,0.01","10,3",200,0.272369029548652,-1641.18283561569,3.98339733016194,3859.83390325313,0.838001774774314,4.76171817173311,-758.007471492251,635.344723404668,16429.9490008617,25103.5444421618,22648606.351219,7052.80683144766,749758.754566073,17416.285192178
"6,1","2,0.01",10,0.339070216412579,-34.8406642325486,0.615389500714831,1539.87543859649,0.165109240390934,0.761945768575113,-4.69905133203365,2.40684261742832,13.9758793705877,26.9769754613997,54628.2925791238,129.275942922725,0.565507338476877,537.091225412782
"6,1","2,0.01",10,0.407538640720137,-32.9893577439662,0.62473378518883,2365.93849206349,0.19298032223534,0.40042251825776,-4.91769038133089,5.64100400538567,19.0512212228737,28.0979371173425,135967.075884033,186.679248873995,0.798362171575125,579.344307272773
"6,1","2,0.01",10,0.395806111342403,-33.7072586236506,0.716393957655676,2302.84733044733,0.19245889808974,0.496128783380046,-5.63559126101529,4.99047318512215,16.9899672877661,40.3033838472412,128468.937302189,185.508788684226,0.73282058418856,729.331997530228
"6,1","2,0.01",15,0.339070216412579,-50.7301677558729,0.768259102022747,2916.30737420474,0.141934986933969,0.556541442781566,-6.77049480764926,137.349196500427,42.8312828850706,68.6985987037055,841.286508232166,29.0185640925043,2.61977869053948,18.7153134887343
"6,1","2,0.01",15,0.407538640720137,-47.6958897970587,0.771854318464809,4430.10873015873,0.161377359909201,0.282181715702163,-6.60817843212716,237.528863663792,70.6209031487394,69.448351268617,2010.53026047387,39.4412687333561,0.0254664262197355,18.1719954586045
"6,1","2,0.01",15,0.364941543371829,-47.4446692057426,0.958252593875672,3563.58268398268,0.208681068940361,0.380336881020232,-6.35695784081108,171.997870389481,73.2315598441332,113.894568225522,1279.87088701846,71.4657924013302,0.464512962141374,17.3468689499023
"6,1","2,0.01",20,0.339070216412579,-70.9385078127301,0.901155714656231,4279.95520050125,0.133616027282612,0.712147154507621,-9.86974718604088,24.4446520008557,18.1415602145303,124.464993073423,461.115703781682,36.2417835540125,86.2251444164464,18.6256869214632
"6,1","2,0.01",20,0.374591567377496,-64.391697360987,0.891193398920913,5560.7566887361,0.145464391476831,0.268241360285282,-8.08473229306804,33.9472782985531,69.5033677253361,121.120833340104,802.09369796718,45.1184533810545,4.93236615044742,14.7967766374514
"6,1","2,0.01",20,0.364941543371829,-63.4857656899331,1.03358591811367,5267.90288600289,0.179876736708,0.357134579517281,-8.35343486100583,31.2116962625793,79.2298150740643,173.245569805552,715.85948155278,76.4074651963548,13.2179352899886,15.3450138365733
"6,1","2,0.01",25,0.339070216412579,-87.0231348770752,1.17522325683992,5973.53376229034,0.161466862535597,0.665219029753942,-12.6217725798848,3943.15933300787,4.79498607989393,11838.3915988623,524381.262579367,5403.28684361705,14.9421320214003,156.763806126647
"6,1","2,0.01",25,0.374591567377496,-80.5800187802988,1.01296655466002,7646.91434513199,0.169102513876962,0.33621899926182,-11.2361990537795,5268.64534560841,9.95470554183396,8518.43830866319,867643.067079536,5973.07198810239,1.92676533217157,137.011573852174
"6,1","2,0.01",25,0.364941543371829,-80.258176832819,1.17162416102204,7163.55865800866,0.18708455534552,0.380736192687682,-11.0848374949293,4889.58538544939,10.2613162588048,11758.8386865436,759661.857534976,7427.73237481926,2.96976873935366,134.934373163929
"6,1","2,0.01",40,0.320806111342403,-130.648474763579,1.46804446124623,9368.06342794632,0.141525394731729,0.275137473545006,-15.356111626853,95.1599733911349,4.46585185930221,3944.95995549821,4673022.50748297,319.144740000814,0.476316970140628,85.0333132310513
"6,1","2,0.01",40,0.374591567377496,-127.526934551674,1.24258392052445,13465.4289385451,0.151100217058512,0.28971296653049,-16.2384634944756,153.070439744766,5.3734676263494,2700.25634113648,9808139.22621189,369.326450075365,0.632575228146938,90.0150045909329
"6,1","2,0.01",40,0.370806111342403,-133.273334068757,1.2175231421145,12922.575047175,0.159008358002751,0.368860396953454,-18.9059164684474,148.546514997299,3.76758864486295,2576.42907660497,9019635.31983193,413.534800885542,1.86742907548602,105.937566293363
"6,1","2,0.01",55,0.341260656796948,-175.048985942522,1.70944183702786,14524.9186139397,0.169176919992989,0.297408457660563,-20.9844093695664,73.4751551887825,35.7601994599474,583.38393565497,4122.15319629891,6408.68191963305,4.78876048549243,18.8380730083301
"6,1","2,0.01",55,0.356409749195678,-177.034412128525,1.54412944562234,15714.5220740044,0.160445435335843,0.288371872257153,-22.1495329791529,82.1297137185758,33.2832677372785,470.771622669936,4834.63357166993,5745.17065824868,4.37254404588235,19.8457365975885
"6,1","2,0.01",55,0.341260656796948,-185.076396500337,1.32287949973011,11206.3224315057,0.136285396804495,0.357146319206482,-21.4766983207271,73.4751551887825,24.1596371405953,338.932890233294,2434.62909623786,4098.15521117353,8.01615942337469,19.2606290253504
"6,1","2,0.01",75,0.302472778009069,-247.906503836638,1.55041543225257,16080.2530022122,0.124546716787423,0.294858323415595,-25.8205332938434,16.2147511412474,16.4396741111187,52.7025163532042,10847.7866691854,266.48957806422,0.496710831879886,65.6103088528444
"6,1","2,0.01",75,0.324941543371829,-251.359472716615,1.48997676551308,17393.3700333032,0.12459153500646,0.287371105652519,-28.8522495244153,19.7044881855901,14.9394829597772,48.22097689528,12712.9661052131,266.691717476709,0.442141906901741,73.089631626105
"6,1","2,0.01",75,0.342472778009069,-244.555342825329,1.6093364469909,15380.5368667564,0.150775511272202,0.333885852266896,-26.2230597600135,22.6633844557302,17.9642537346689,57.263187369927,9914.29355415561,397.887773116788,0.832552923134715,66.5801154561981
"6,1","2,0.01",105,0.291451168793531,-347.610480416172,1.97219753868995,22657.1667618444,0.137859963487882,0.308256011550753,-37.5952229244175,973.799633839722,123.433483033544,176772.716097098,146433.482834591,49286.4424509346,1055.34496331181,54.4733703738768
"6,1","2,0.01",105,0.327268416327393,-349.231068282364,1.73495423230553,26530.4784296282,0.138094127930524,0.29591771956222,-41.6586402947244,1315.30580895594,118.941304412812,135488.551323076,201045.19476989,49457.6756806324,958.903551699728,59.5540941648988
"6,1","2,0.01",105,0.338663254199545,-338.455052090324,2.00788418901309,23212.1758866255,0.167332720513617,0.330883892455342,-37.9485680850747,1434.69474240576,150.37577654031,183457.118661307,153728.710434272,73171.756245708,1244.22070257336,54.9061867198856
"6,1","2,0.01",145,0.298955859050163,-486.00234102084,2.14028617634551,33123.3859002238,0.136467748325945,0.312922670467394,-55.3650211858684,293710.872376429,120.169773598357,221743.633435141,5288307.23354872,9046522.55949575,148291.021626154,4065.45779454313
"6,1","2,0.01",145,0.330458784751139,-478.95067815698,2.09083159902285,39254.3463230168,0.151551241167493,0.296969359308654,-58.7291924053183,371338.304737321,135.245813414003,211476.970218896,7436204.42153938,11172418.3743922,132731.589776158,4275.99007163293
"6,1","2,0.01",145,0.333737145825161,-474.722370853777,2.22519892197269,33178.2355039094,0.167411846834135,0.345982158607687,-57.2263271478788,379938.943011633,144.712822497587,239938.924794746,5305904.11414658,13649607.5969452,183278.725237229,4181.28289762766
"6,1","2,0.01",200,0.292231721119128,-672.511700250742,2.42960760934775,44702.5427967723,0.137357994622169,0.3273960236343,-76.4701746285882,472001774.804339,1673454.07858862,15385.320015276,181409.450808164,340143.826791941,2779.44206951481,1503.96570973464
"6,1","2,0.01",200,0.324941543371829,-659.214578060075,2.42818694770756,55755.5538151099,0.160439380856525,0.306223161652108,-81.992285551656,605200237.526786,1960238.38979098,15367.0137334899,282629.971807016,464983.057302168,2408.16538922542,1600.99654506893
"6,1","2,0.01",200,0.314591567377496,-654.839619858114,2.59762529434075,43975.2608200316,0.153478237612863,0.321810351686559,-72.9659548268702,561265744.709996,2059551.14015837,17627.2088180713,175532.826069944,425281.620027691,2678.91084480379,1443.96491641997
"6,1","6,1",10,0.170262390670554,-30.2496490784612,0.233314034803354,5.45664160401002,0.0707979037874224,0.22371226897509,-0.108036177946275,0.186732260070926,1.8491124260355,0.0174841431224285,0.486046542440013,0.201538090817617,5.07744316534629,0.35731326398866
"6,1","6,1",10,0.115543347363305,-28.0915395608796,0.0532550584250219,3.60119047619048,0.0265886847238856,0.0477436434139731,-0.0198721982443324,0.856857671743862,0.357988165680473,1.16160408469825,0.752046180412373,0.823573391870338,3.96011056955005,0.477755467107224
"6,1","6,1",10,0.0990371548828329,-28.0915395608796,0.0492449300167795,3.65093795093795,0.0152979002202151,0.150807906989226,-0.0198721982443288,1.15464564357243,0.357988165680473,1.20744034408533,0.74415993064322,1.04986265378927,0.245319007969532,0.477755467107229
"6,1","6,1",15,0.103595724003888,-43.9871174992465,0.0651104811044418,2.92855214960478,0.0145145511244488,0.0635827994819016,-0.027444551022846,0.188152856757738,0.237283950617283,0.22627651594895,0.667288922921001,0.299761280290754,0.54533808134596,0.727441618383341
"6,1","6,1",15,0.115543347363305,-41.2124052623559,0.0453036722523904,7.59325396825397,0.021134358524719,0.0366055207632307,-0.124693897424358,0.0692384637131726,0.00617283950617291,0.413524545832495,0.173957106883574,0.077761063575094,1.14414360952251,0.496843739393512
"6,1","6,1",15,0.0964042759961125,-41.2124052623559,0.0622398632851783,2.73535353535354,0.0183958676875785,0.0187478208359588,-0.124693897424358,0.287803180447645,0.00617283950617291,0.249942890157148,0.694615478546461,0.152093235181773,1.66118538647668,0.496843739393512
"6,1","6,1",20,0.170262390670554,-61.424202235886,0.248639873219973,9.3086032388664,0.0452774821049809,0.344930900492005,-0.35544160919676,0.198105696814385,1.28,0.782651338852002,0.0770186354287031,0.455086092460288,15.2360125628101,0.10816155055341
"6,1","6,1",20,0.0727619913424895,-56.3372298015865,0.0484206406289654,7.31056361938715,0.0188958297584474,0.0528483349222042,-0.030264733667515,0.746742121004566,0.0391999999999997,0.348237892320312,0.221872142969545,0.0885235058969501,3.16449518528194,0.573095537737389
"6,1","6,1",20,0.0797376093294458,-55.2581750427956,0.0414070511272678,4.1520202020202,0.00878809307238153,0.0203950602299743,-0.125844213868362,0.593630160474236,1.69972830189648e-30,0.41187921891031,0.603634130186936,0.448881232981069,5.80933258146041,0.398393050766099
"6,1","6,1",25,0.14530612244898,-74.5450679373622,0.234924479991308,8.73550061050061,0.0508663438716319,0.303305325033805,-0.143705640171845,6.12613279911557,0,1.38012821582712,1.88687298975466,0.815069062992825,0.449336775405007,1.96441265541931
"6,1","6,1",25,0.0755433473633049,-69.4580955030627,0.0240934421835821,8.523868941516,0.00465401796262364,0.0286906552958675,-0.114275776543394,79.4891834469758,0.186728395061728,2.84517692525512,1.94929061627302,1.00015678160579,2.38672731153584,2.0637613935851
"6,1","6,1",25,0.0697376093294458,-69.3039448232355,0.0354667605167149,6.90678210678211,0.00754773277755972,0.0571868279470978,-0.130605485345782,89.3339168083187,0.198216735253772,2.34824421067486,2.45975654228095,0.776026331474667,1.72931458371108,2.008333249821
"6,1","6,1",40,0.058642848209331,-115.295021160236,0.0258587410082676,2.71302026433605,0.00443438532680297,0.0166343364142074,-0.00265802351079003,202.176557565429,0.0306342515439665,4.77194621622628,3.75381151011757,7.32431815713819,0.886387921171948,2.25431706598098
"6,1","6,1",40,0.0740371548828329,-111.441254164555,0.0563728107635322,16.9464179611238,0.0139890205271749,0.0286844512091126,-0.152783107356399,102.524092948049,0.275708263895697,0.613354713632492,0.0246784439162979,7.35083089626622,0.706206678089474,1.44544886515024
"6,1","6,1",40,0.0850833229108865,-114.370117081273,0.0746829995962325,16.0876734376734,0.0193900808802675,0.105669638595877,-0.00269948096352834,51.6696274669782,0.0671012645819034,0.00332881227478977,0.000943838513836171,33.3356768425158,0.0377625348991856,2.2540689852077
"6,1","6,1",55,0.0661012456930822,-154.195166225183,0.0343951955542281,6.90226420752736,0.00717184062784168,0.0195857545821389,-0.130589652227712,10164.2799025898,0.766980893864148,0.978049312675042,0.837416385221808,0.547108677206449,0.797082884591079,0.387446593689217
"6,1","6,1",55,0.0600833229108865,-154.96591962432,0.0356467270374293,11.0536136249372,0.00668347178770285,0.0245329257159755,-0.0810404749472298,12505.5269459092,0.657562494739497,0.948773833469484,0.392559190449986,0.590640693218794,0.707212344168983,0.439362650427596
"6,1","6,1",55,0.108642848209331,-163.906659054301,0.0807426968838284,16.2384532858446,0.0131592228982249,0.0916004151202483,-0.306960874690873,528.369136668751,0.00340880397272957,0.190686205442594,0.0708351252019274,0.14884301901783,0.0191088914618217,0.229129753790637
"6,1","6,1",75,0.0819761815426643,-222.401998373469,0.0382223937790815,9.34030277714488,0.00316457955169306,0.0196944210319152,-0.31602783067413,11.3024148135952,0.0586413961343585,0.113021042624663,0.44460189097311,0.418114888141439,0.635980108900535,0.0062988145904525
"6,1","6,1",75,0.110097210062701,-222.86445041295,0.073871988271836,12.3040620485355,0.00722345958870297,0.04059601217556,-0.357227220750389,264.562588736088,0.0901670106961898,0.25712231409491,0.056461324260851,0.0382140951453279,0.190920068403547,8.09103882892178e-06
"6,1","6,1",75,0.0564042759961125,-218.39408069796,0.0247351824240112,15.0963059163059,0.00302107596340128,0.0313334961041914,-0.0617976326441578,70.0885333982418,0.0683993244511164,0.429304842292695,0.027794398654186,0.438996464765066,0.356070843358514,0.34416732726715
"6,1","6,1",105,0.0522564756126447,-310.376233371962,0.0181254362164785,7.54799574207469,0.00104971539744813,0.010254207812091,-0.360975880207604,14.9822922643239,0.257984526879585,1.96879338440358,12527.0847290958,1.05374195882922,1.10480067542675,0.109157329071813
"6,1","6,1",105,0.108192448157939,-307.755671814898,0.0589542165525052,12.4772524504635,0.00445675283255778,0.0231518784059608,-0.183243827258934,70.717933186293,0.0286649474310634,0.631735853245983,2681.83317507865,0.188033254206801,0.562007537179047,0.0330840238570546
"6,1","6,1",105,0.0583090379008744,-300.510589863017,0.0172456463151825,13.175468975469,0.00205740510709712,0.0113164147491449,-0.00410585776813832,6.46139268727846,0.588077762348746,2.10394771785364,1872.12156343209,0.724476019454631,1.05323178927625,0.487514298809154
"6,1","6,1",145,0.0603669861403655,-431.374829685807,0.0410480887079546,15.347991507976,0.00287572397379739,0.0356518877591991,-0.737509850835011,0.888604580716814,6.99657064471876,0.0834608563806588,1.9521518320166,0.424584198565946,0.222645294742196,1087.65218436693
"6,1","6,1",145,0.0807729780833002,-420.275980738244,0.0369107057679892,14.7844775756441,0.00250485480359405,0.0141512290092259,-0.0544949865822559,1.32152949349394,0.57681755829903,0.195224525971349,2.70538444041948,0.505339551707327,1.00143282745783,0.100659633284529
"6,1","6,1",145,0.0369681893655915,-417.501268501353,0.015384376983054,13.9542750529041,0.00220046800770708,0.0350496736982708,-0.00522479545509213,11.1672809897528,0.0829903978052089,1.5316638789868,4.03849494237426,0.576868377279755,0.236843817396923,7.39394650389786
"6,1","6,1",200,0.058642848209331,-597.285447577861,0.045643530901516,23.5502774928068,0.00324994026703289,0.0453058292714544,-1.24392195570715,0.0623212534105997,2.15680473372778,0.133237032078803,0.369789515383768,0.129623687856574,0.16681668445053,14.1115783855602
"6,1","6,1",200,0.0700833229108865,-577.245859200318,0.0306723358775982,18.0573419006119,0.0019709530491724,0.0125051016425903,-0.0235666918987363,0.688514307898963,0.010555920812333,0.0657815648742136,6.88771175473509,0.513743686003496,4.81061241241973,0.677109331884321
"6,1","6,1",200,0.0334305433960342,-582.024530274963,0.00949119270547417,13.7941362857513,0.000647969903335997,0.0125492309794488,-0.150865243719522,1.05848546125024,0.0739644970414184,1.28996649856484,17.5508938634427,1.17886707053209,4.8000844327218,0.119146799544531
"6,1","10,3",10,0.391197624535865,-30.7385685972247,0.797380922739465,14.0224310776942,1.02019034739503,0.0990266325142697,-0.596955696709792,0.5,0.567464946993511,0.0266605385246875,0.104908921616514,0.0141796790796282,0.240854908341578,0.065019220715504
"6,1","10,3",10,0.30513258307024,-29.7832634648325,1.72655382985544,24.4980158730159,2.36240162432616,0.166272275908203,-1.71159610219723,0.0362064396345333,0.00523124192208371,0.339518685057697,0.0466184483145363,1.5966798353911,0.193806340882556,0.368730646000053
"6,1","10,3",10,0.270479015163115,-29.0817366766419,1.33788722165092,22.5139971139971,1.25988964575209,0.137331494470866,-1.01006931400658,0.000317456801016919,0.182966505199211,0.073252073972938,0.0129222490283866,0.10463471662416,0.00156454883489708,0.148640198033811
"6,1","10,3",15,0.324530957869199,-45.8522260234195,1.35582111667501,23.4137362637363,1.71885915265498,0.133446437012362,-1.89255307519587,180.288020222165,0.0037327110760313,6.57899970945089,0.442503226015514,35.0806319462066,0.0127522701135132,2.63539720421573
"6,1","10,3",15,0.271799249736907,-45.2410574967588,3.10799986075397,52.1980158730159,5.62493751853942,0.221293353017182,-4.15334613182734,6.75841479237708,0.0435058607160554,65.4198543316319,14.8734058169576,463.912984605222,1.48265908120868,7.26351209704569
"6,1","10,3",15,0.337145681829782,-45.8182691634668,2.99436597728096,53.4917748917749,3.90833843171604,0.23041569135587,-4.73055779853532,256.554810969555,0.00480113825113759,59.7537065429631,16.0003862602093,215.385177910664,1.83823738425629,8.81323963865021
"6,1","10,3",20,0.191197624535865,-61.0101965656131,0.568906536490001,12.9807451320609,0.578809734976553,0.0587559356312894,0.0585640610761757,17.5684083580317,0.0779791950511054,2.13044109183288,1.43623432899528,87.2991467837867,0.431569284955628,0.861365020495241
"6,1","10,3",20,0.270479015163115,-61.2727786517885,3.09367505306495,58.7916178592649,4.78080287293129,0.193725645734814,-4.96581358386953,1.56005360541527,0.0403904119419172,1855.75918313967,747.523985598113,9008.85116146577,0.0028777318332873,6.95311627616292
"6,1","10,3",20,0.334759502354836,-61.1979605830181,3.29254016842688,66.1251082251082,3.49558310452422,0.213083350399974,-6.06562975409076,32.0368531056764,0.0498523531290319,2148.94049429894,1018.21694822199,4725.47443749374,0.0241983734432649,9.06564562233495
"6,1","10,3",25,0.191197624535865,-75.2101984750969,0.818837264479748,21.3869625988047,0.415404803775073,0.0756301050507628,-0.808836177906542,0.241857832257,0.129183888385613,0.975372534287442,0.180062386786911,0.839328711642564,0.389421727027219,0.802782368385126
"6,1","10,3",25,0.294759502354836,-75.421239363731,2.60004232549049,72.7771220609456,3.12942463904618,0.189652579254813,-6.07741963721172,3.7079346112364,0.0923196704025514,57.0513090035692,53.5756498366818,182.49153125375,1.54594490168522,4.87095179244112
"6,1","10,3",25,0.334759502354836,-75.8555172851361,2.84727139471676,74.8124098124098,2.36588593518371,0.196888049609873,-6.68217794724643,8.17558899018002,0.0358986397306169,71.6483014363086,57.6478896843663,99.3250568536899,1.85465954059477,5.55786393757248
"6,1","10,3",40,0.259759502354836,-124.643162002755,2.74443110716348,96.2417201219833,2.18060733243384,0.179384580376645,-9.35079886602907,3.9659276361227,1.13771251671505,71.9535508359894,13.6532597938907,1087.95727356775,800.435487430721,12.0012463400185
"6,1","10,3",40,0.30513258307024,-122.522055422705,3.48359949456416,133.732374161786,3.49694502663851,0.21330220619618,-11.2335843655065,7.07428263807252,0.350057926305579,122.291592654039,30.4261489495801,2869.12344798076,1289.07251721307,15.3143701560975
"6,1","10,3",40,0.270479015163115,-120.52352753456,1.98642537755335,84.7436063936064,1.07081479462824,0.148200057056725,-6.15610993425118,4.6196998118501,0.0207725409849742,34.1159555632833,9.83798918588461,244.402623690951,453.418911659755,7.30239168663192
"6,1","10,3",55,0.306842651526751,-170.733321518335,3.62784168927887,175.817720388773,2.66364179166312,0.212018511743858,-16.6687449453792,26.3517739206896,0.0198512794813701,2396.17430901489,176.285936776827,76694.3247725234,74.4485329372423,2963.8300526632
"6,1","10,3",55,0.296041673979331,-169.265611514251,3.14439021163859,156.424639004786,2.56702455089658,0.19497664952834,-14.3807323648784,23.7392529736522,2.69661559334673e-06,1782.87882241711,136.293562291056,71197.8769213624,60.6187882734206,2430.8547971954
"6,1","10,3",55,0.270479015163115,-173.769107606867,1.90271375955886,100.234275820798,0.941465820872009,0.142972576340307,-10.1694094272572,18.0994191205843,0.18984759284603,622.39645998035,49.4278613742893,9363.13401895116,27.1933676754056,1587.85042410757
"6,1","10,3",75,0.271799249736907,-239.692152363576,2.59881784022856,161.035659661975,1.65763046442843,0.169710284237698,-17.6061818207815,28.6687984680849,0.112072727652474,7373.08123732306,1694.5310834002,96583383.4610885,326.883764468397,112.124381505454
"6,1","10,3",75,0.231799249736907,-235.659671438845,2.02037087850592,127.527844148788,1.52768682490069,0.144768072567523,-13.1524482466453,18.4692059257015,0.000398594108345855,4396.67616407677,1012.39341456116,81912591.3720757,225.792890684977,76.6401962928817
"6,1","10,3",75,0.297145681829782,-238.823400384046,2.89506022381197,201.022302986868,1.65745872487597,0.192209263519737,-20.4911173187302,36.2878813146211,0.0712627818729521,9193.66206823308,2737.21666458254,96563196.7382107,434.069638102802,138.701302216853
"6,1","10,3",105,0.262275440213097,-333.957581191839,2.44410833404615,214.996552740632,1.22132374679859,0.165082374235072,-23.9423237000847,37.7985805739993,0.340972672851797,15013.5634386543,999.725721570365,17671.8758385121,168.059961883829,92.5369943028069
"6,1","10,3",105,0.243227821165478,-327.177313274388,2.17687895150486,195.286645663307,1.35031165559356,0.153049155490859,-19.6048852867491,31.0844282668987,0.011622583436948,11846.3714621412,813.009431422929,21649.9738568851,140.489832857981,73.1330372302516
"6,1","10,3",105,0.299050443734544,-331.287991436234,3.20827906418818,308.511587036152,1.66454991276054,0.203033933283492,-30.7815074309854,52.6174224009766,0.157185339192151,26138.6272208201,2148.4055325828,33030.1938189862,271.182832147512,127.765645040705
"6,1","10,3",145,0.239615341690929,-457.672910781735,2.00910714558919,240.50015063053,0.90926473552994,0.145384166856434,-27.0355909467634,1397.16488469547,0.0296861889702629,627531.829901152,2129.74236738529,1671603.21837333,1144.97798494126,129.216811975174
"6,1","10,3",145,0.239615341690929,-448.97989947703,2.32468791435895,293.713973056028,1.28534264256881,0.161769150902939,-28.7584137253685,1397.16488469547,0.0694828494699485,845221.062965999,3260.65396476809,3353362.40263567,1451.03044908849,139.303201645671
"6,1","10,3",145,0.270479015163115,-452.480271779136,2.60094687857772,348.579576394464,1.07524698062554,0.177816502712548,-34.9842280732374,1938.76676022902,0.00775758899596061,1062344.51857447,4677.89337842169,2342400.11779462,1785.87270540536,178.912232433138
"6,1","10,3",200,0.24013258307024,-632.450408862601,1.92167751362832,319.779573747197,0.743017738093576,0.140676575533342,-36.4088832404469,436.229051056581,2.46105524626521e-05,121767.659670961,28231.4531859585,2873500.18661375,69175.0207120569,189.000075072787
"6,1","10,3",200,0.240479015163115,-617.483327748109,2.35992446690359,414.116012840345,1.18444790980048,0.163412131881656,-40.2610352396896,437.771891532863,1.71265758855762,184615.699673311,48060.1561590136,7336117.71561493,95479.6528285362,213.144978778067
"6,1","10,3",200,0.270479015163115,-632.124500168078,2.71314175657601,476.09191212051,1.09452242837645,0.17947457962148,-50.2508351368346,581.707166908698,0.000559028850756886,244753.26558293,63941.0353387574,6260433.62297649,116613.195465033,282.520524646843
